LOJA DE CONVENIÊNCIA SERRA AZUL LTDA                                                            01/10/2026 10:00;;;;;;;;
PENDÊNCIAS POR RESPONSÁVEL;;;;;;;;
Empresa: 1 - LOJA DE CONVENIÊNCIA SERRA AZUL;;;;;;;;
Conta: 1.3.27 - FAT NOTAS A PRAZO FUNCIONARIOS;;;;;;;;
Data referência: 01/10/2026;;;;;;;;
Vencimento: 01/09/2026 a 30/09/2026;;;;;;;;
Exibir: SOMENTE PENDÊNCIAS COM PAGAMENTO EM ATRASO;;;;;;;;
Conta: 1.3.27 - FAT NOTAS A PRAZO FUNCION Responsável: 310037 - ANA CAROLINA MENDES;;;;;;;;
Data;Tur.;Seq.;Histórico;Documento;Juros;Valor;Saldo;Vencimento
Saldo inicial                                                                      0,00;;;;;;;;
22/09/2026;0;0003-01-01;FATURAMENTO DE NOTAS;113;;18,50;18,50;10102026
Total;11,10;18,50;;;;;;
Conta: 1.3.27 - FAT NOTAS A PRAZO FUNCION Responsável: 310074 - BRUNO HENRIQUE TAVARES;;;;;;;;
Data;Tur.;Seq.;Histórico;Documento;Juros;Valor;Saldo;Vencimento
Saldo inicial                                                                      0,00;;;;;;;;
22/09/2026;0;0003-01-01;FATURAMENTO DE NOTAS;113;;42,20;42,20;10102026
Total;42,20;42,20;;;;;;
Conta: 1.3.27 - FAT NOTAS A PRAZO FUNCION Responsável: 310111 - CARLOS EDUARDO NUNES;;;;;;;;
Data;Tur.;Seq.;Histórico;Documento;Juros;Valor;Saldo;Vencimento
Saldo inicial                                                                      0,00;;;;;;;;
22/09/2026;0;0003-01-01;FATURAMENTO DE NOTAS;113;;65,90;65,90;10102026
Total;65,90;65,90;;;;;;
Conta: 1.3.27 - FAT NOTAS A PRAZO FUNCION Responsável: 310185 - EDUARDO PIRES SALGADO;;;;;;;;
Data;Tur.;Seq.;Histórico;Documento;Juros;Valor;Saldo;Vencimento
Saldo inicial                                                                      0,00;;;;;;;;
22/09/2026;0;0003-01-01;FATURAMENTO DE NOTAS;113;;113,30;113,30;10102026
Total;113,30;113,30;;;;;;
Conta: 1.3.27 - FAT NOTAS A PRAZO FUNCION Responsável: 310222 - FERNANDA COSTA RIBEIRO;;;;;;;;
Data;Tur.;Seq.;Histórico;Documento;Juros;Valor;Saldo;Vencimento
Saldo inicial                                                                      0,00;;;;;;;;
22/09/2026;0;0003-01-01;FATURAMENTO DE NOTAS;113;;137,00;137,00;10102026
Total;137,00;137,00;;;;;;
Conta: 1.3.27 - FAT NOTAS A PRAZO FUNCION Responsável: 310259 - GABRIEL ANTUNES MOURA;;;;;;;;
Data;Tur.;Seq.;Histórico;Documento;Juros;Valor;Saldo;Vencimento
Saldo inicial                                                                      0,00;;;;;;;;
22/09/2026;0;0003-01-01;FATURAMENTO DE NOTAS;113;;20,70;20,70;10102026
Total;12,42;20,70;;;;;;
Conta: 1.3.27 - FAT NOTAS A PRAZO FUNCION Responsável: 310333 - IGOR MATOS DE PAULA;;;;;;;;
Data;Tur.;Seq.;Histórico;Documento;Juros;Valor;Saldo;Vencimento
Saldo inicial                                                                      0,00;;;;;;;;
22/09/2026;0;0003-01-01;FATURAMENTO DE NOTAS;113;;68,10;68,10;10102026
Total;68,10;68,10;;;;;;
Conta: 1.3.27 - FAT NOTAS A PRAZO FUNCION Responsável: 310370 - JÚLIA REZENDE CAMPOS;;;;;;;;
Data;Tur.;Seq.;Histórico;Documento;Juros;Valor;Saldo;Vencimento
Saldo inicial                                                                      0,00;;;;;;;;
22/09/2026;0;0003-01-01;FATURAMENTO DE NOTAS;113;;91,80;91,80;10102026
Total;55,08;91,80;;;;;;
Conta: 1.3.27 - FAT NOTAS A PRAZO FUNCION Responsável: 310407 - KAREN SOUZA DUARTE;;;;;;;;
Data;Tur.;Seq.;Histórico;Documento;Juros;Valor;Saldo;Vencimento
Saldo inicial                                                                      0,00;;;;;;;;
22/09/2026;0;0003-01-01;FATURAMENTO DE NOTAS;113;;115,50;115,50;10102026
Total;115,50;115,50;;;;;;
Conta: 1.3.27 - FAT NOTAS A PRAZO FUNCION Responsável: 310481 - MARIANA LOPES QUEIROZ;;;;;;;;
Data;Tur.;Seq.;Histórico;Documento;Juros;Valor;Saldo;Vencimento
Saldo inicial                                                                      0,00;;;;;;;;
22/09/2026;0;0003-01-01;FATURAMENTO DE NOTAS;113;;22,90;22,90;10102026
Total;13,74;22,90;;;;;;
Conta: 1.3.27 - FAT NOTAS A PRAZO FUNCION Responsável: 310518 - NATÁLIA GOMES ARRUDA;;;;;;;;
Data;Tur.;Seq.;Histórico;Documento;Juros;Valor;Saldo;Vencimento
Saldo inicial                                                                      0,00;;;;;;;;
22/09/2026;0;0003-01-01;FATURAMENTO DE NOTAS;113;;46,60;46,60;10102026
Total;46,60;46,60;;;;;;
Conta: 1.3.27 - FAT NOTAS A PRAZO FUNCION Responsável: 310555 - OTÁVIO RAMOS LACERDA;;;;;;;;
Data;Tur.;Seq.;Histórico;Documento;Juros;Valor;Saldo;Vencimento
Saldo inicial                                                                      0,00;;;;;;;;
22/09/2026;0;0003-01-01;FATURAMENTO DE NOTAS;113;;70,30;70,30;10102026
Total;70,30;70,30;;;;;;
Conta: 1.3.27 - FAT NOTAS A PRAZO FUNCION Responsável: 310629 - RAFAEL CUNHA BAPTISTA;;;;;;;;
Data;Tur.;Seq.;Histórico;Documento;Juros;Valor;Saldo;Vencimento
Saldo inicial                                                                      0,00;;;;;;;;
22/09/2026;0;0003-01-01;FATURAMENTO DE NOTAS;113;;117,70;117,70;10102026
Total;117,70;117,70;;;;;;
Conta: 1.3.27 - FAT NOTAS A PRAZO FUNCION Responsável: 310666 - SABRINA TEIXEIRA ROCHA;;;;;;;;
Data;Tur.;Seq.;Histórico;Documento;Juros;Valor;Saldo;Vencimento
Saldo inicial                                                                      0,00;;;;;;;;
22/09/2026;0;0003-01-01;FATURAMENTO DE NOTAS;113;;141,40;141,40;10102026
Total;141,40;141,40;;;;;;
Conta: 1.3.27 - FAT NOTAS A PRAZO FUNCION Responsável: 310703 - THIAGO MONTEIRO DIAS;;;;;;;;
Data;Tur.;Seq.;Histórico;Documento;Juros;Valor;Saldo;Vencimento
Saldo inicial                                                                      0,00;;;;;;;;
22/09/2026;0;0003-01-01;FATURAMENTO DE NOTAS;113;;25,10;25,10;10102026
Total;15,06;25,10;;;;;;
Conta: 1.3.27 - FAT NOTAS A PRAZO FUNCION Responsável: 310777 - WAGNER SILVEIRA PRADO;;;;;;;;
Data;Tur.;Seq.;Histórico;Documento;Juros;Valor;Saldo;Vencimento
Saldo inicial                                                                      0,00;;;;;;;;
22/09/2026;0;0003-01-01;FATURAMENTO DE NOTAS;113;;72,50;72,50;10102026
Total;72,50;72,50;;;;;;
Conta: 1.3.27 - FAT NOTAS A PRAZO FUNCION Responsável: 310814 - YASMIN FREITAS NOGUEIRA;;;;;;;;
Data;Tur.;Seq.;Histórico;Documento;Juros;Valor;Saldo;Vencimento
Saldo inicial                                                                      0,00;;;;;;;;
22/09/2026;0;0003-01-01;FATURAMENTO DE NOTAS;113;;96,20;96,20;10102026
Total;57,72;96,20;;;;;;
Conta: 1.3.27 - FAT NOTAS A PRAZO FUNCION Responsável: 410943 - ALEXANDRE DOURADO LEMOS;;;;;;;;
Data;Tur.;Seq.;Histórico;Documento;Juros;Valor;Saldo;Vencimento
Saldo inicial                                                                      0,00;;;;;;;;
22/09/2026;0;0003-01-01;FATURAMENTO DE NOTAS;113;;119,90;119,90;10102026
Total;119,90;119,90;;;;;;
Total geral;1.275,52;1.385,60;;;;;;
