RESTAURANTE PRIMAVERA LTDA                                                            01/10/2026 10:00;;;;;;;;
PENDÊNCIAS POR RESPONSÁVEL;;;;;;;;
Empresa: 1 - RESTAURANTE PRIMAVERA;;;;;;;;
Conta: 1.3.27 - FAT NOTAS A PRAZO FUNCIONARIOS;;;;;;;;
Data referência: 01/10/2026;;;;;;;;
Vencimento: 01/09/2026 a 30/09/2026;;;;;;;;
Exibir: SOMENTE PENDÊNCIAS COM PAGAMENTO EM ATRASO;;;;;;;;
Conta: 1.3.27 - FAT NOTAS A PRAZO FUNCION Responsável: 310037 - ANA CAROLINA MENDES;;;;;;;;
Data;Tur.;Seq.;Histórico;Documento;Juros;Valor;Saldo;Vencimento
Saldo inicial                                                                      0,00;;;;;;;;
22/09/2026;0;0003-01-01;FATURAMENTO DE NOTAS;113;;12,00;12,00;10102026
Total;12,00;12,00;;;;;;
Conta: 1.3.27 - FAT NOTAS A PRAZO FUNCION Responsável: 310111 - CARLOS EDUARDO NUNES;;;;;;;;
Data;Tur.;Seq.;Histórico;Documento;Juros;Valor;Saldo;Vencimento
Saldo inicial                                                                      0,00;;;;;;;;
22/09/2026;0;0003-01-01;FATURAMENTO DE NOTAS;113;;74,60;74,60;10102026
Total;74,60;74,60;;;;;;
Conta: 1.3.27 - FAT NOTAS A PRAZO FUNCION Responsável: 310148 - DEBORA LIMA FONSECA;;;;;;;;
Data;Tur.;Seq.;Histórico;Documento;Juros;Valor;Saldo;Vencimento
Saldo inicial                                                                      0,00;;;;;;;;
22/09/2026;0;0003-01-01;FATURAMENTO DE NOTAS;113;;105,90;105,90;10102026
Total;105,90;105,90;;;;;;
Conta: 1.3.27 - FAT NOTAS A PRAZO FUNCION Responsável: 310222 - FERNANDA COSTA RIBEIRO;;;;;;;;
Data;Tur.;Seq.;Histórico;Documento;Juros;Valor;Saldo;Vencimento
Saldo inicial                                                                      0,00;;;;;;;;
22/09/2026;0;0003-01-01;FATURAMENTO DE NOTAS;113;;73,50;73,50;10102026
Total;73,50;73,50;;;;;;
Conta: 1.3.27 - FAT NOTAS A PRAZO FUNCION Responsável: 310259 - GABRIEL ANTUNES MOURA;;;;;;;;
Data;Tur.;Seq.;Histórico;Documento;Juros;Valor;Saldo;Vencimento
Saldo inicial                                                                      0,00;;;;;;;;
22/09/2026;0;0003-01-01;FATURAMENTO DE NOTAS;113;;104,80;104,80;10102026
Total;104,80;104,80;;;;;;
Conta: 1.3.27 - FAT NOTAS A PRAZO FUNCION Responsável: 310333 - IGOR MATOS DE PAULA;;;;;;;;
Data;Tur.;Seq.;Histórico;Documento;Juros;Valor;Saldo;Vencimento
Saldo inicial                                                                      0,00;;;;;;;;
22/09/2026;0;0003-01-01;FATURAMENTO DE NOTAS;113;;72,40;72,40;10102026
Total;72,40;72,40;;;;;;
Conta: 1.3.27 - FAT NOTAS A PRAZO FUNCION Responsável: 310370 - JÚLIA REZENDE CAMPOS;;;;;;;;
Data;Tur.;Seq.;Histórico;Documento;Juros;Valor;Saldo;Vencimento
Saldo inicial                                                                      0,00;;;;;;;;
22/09/2026;0;0003-01-01;FATURAMENTO DE NOTAS;113;;103,70;103,70;10102026
Total;103,70;103,70;;;;;;
Conta: 1.3.27 - FAT NOTAS A PRAZO FUNCION Responsável: 310444 - LUCAS FERREIRA BRANDÃO;;;;;;;;
Data;Tur.;Seq.;Histórico;Documento;Juros;Valor;Saldo;Vencimento
Saldo inicial                                                                      0,00;;;;;;;;
22/09/2026;0;0003-01-01;FATURAMENTO DE NOTAS;113;;71,30;71,30;10102026
Total;71,30;71,30;;;;;;
Conta: 1.3.27 - FAT NOTAS A PRAZO FUNCION Responsável: 310481 - MARIANA LOPES QUEIROZ;;;;;;;;
Data;Tur.;Seq.;Histórico;Documento;Juros;Valor;Saldo;Vencimento
Saldo inicial                                                                      0,00;;;;;;;;
22/09/2026;0;0003-01-01;FATURAMENTO DE NOTAS;113;;102,60;102,60;10102026
Total;102,60;102,60;;;;;;
Conta: 1.3.27 - FAT NOTAS A PRAZO FUNCION Responsável: 310555 - OTÁVIO RAMOS LACERDA;;;;;;;;
Data;Tur.;Seq.;Histórico;Documento;Juros;Valor;Saldo;Vencimento
Saldo inicial                                                                      0,00;;;;;;;;
22/09/2026;0;0003-01-01;FATURAMENTO DE NOTAS;113;;70,20;70,20;10102026
Total;70,20;70,20;;;;;;
Conta: 1.3.27 - FAT NOTAS A PRAZO FUNCION Responsável: 310592 - PATRÍCIA MELO CARDOSO;;;;;;;;
Data;Tur.;Seq.;Histórico;Documento;Juros;Valor;Saldo;Vencimento
Saldo inicial                                                                      0,00;;;;;;;;
22/09/2026;0;0003-01-01;FATURAMENTO DE NOTAS;113;;101,50;101,50;10102026
Total;101,50;101,50;;;;;;
Conta: 1.3.27 - FAT NOTAS A PRAZO FUNCION Responsável: 310666 - SABRINA TEIXEIRA ROCHA;;;;;;;;
Data;Tur.;Seq.;Histórico;Documento;Juros;Valor;Saldo;Vencimento
Saldo inicial                                                                      0,00;;;;;;;;
22/09/2026;0;0003-01-01;FATURAMENTO DE NOTAS;113;;69,10;69,10;10102026
Total;69,10;69,10;;;;;;
Conta: 1.3.27 - FAT NOTAS A PRAZO FUNCION Responsável: 310703 - THIAGO MONTEIRO DIAS;;;;;;;;
Data;Tur.;Seq.;Histórico;Documento;Juros;Valor;Saldo;Vencimento
Saldo inicial                                                                      0,00;;;;;;;;
22/09/2026;0;0003-01-01;FATURAMENTO DE NOTAS;113;;100,40;100,40;10102026
Total;100,40;100,40;;;;;;
Conta: 1.3.27 - FAT NOTAS A PRAZO FUNCION Responsável: 310777 - WAGNER SILVEIRA PRADO;;;;;;;;
Data;Tur.;Seq.;Histórico;Documento;Juros;Valor;Saldo;Vencimento
Saldo inicial                                                                      0,00;;;;;;;;
22/09/2026;0;0003-01-01;FATURAMENTO DE NOTAS;113;;68,00;68,00;10102026
Total;68,00;68,00;;;;;;
Conta: 1.3.27 - FAT NOTAS A PRAZO FUNCION Responsável: 310814 - YASMIN FREITAS NOGUEIRA;;;;;;;;
Data;Tur.;Seq.;Histórico;Documento;Juros;Valor;Saldo;Vencimento
Saldo inicial                                                                      0,00;;;;;;;;
22/09/2026;0;0003-01-01;FATURAMENTO DE NOTAS;113;;99,30;99,30;10102026
Total;99,30;99,30;;;;;;
Conta: 1.3.27 - FAT NOTAS A PRAZO FUNCION Responsável: 410984 - BEATRIZ CASTRO PINHEIRO;;;;;;;;
Data;Tur.;Seq.;Histórico;Documento;Juros;Valor;Saldo;Vencimento
Saldo inicial                                                                      0,00;;;;;;;;
22/09/2026;0;0003-01-01;FATURAMENTO DE NOTAS;113;;66,90;66,90;10102026
Total;66,90;66,90;;;;;;
Total geral;1.296,20;1.296,20;;;;;;
